{
  "L_star": 0.0002925945011399191,
  "lam": 0.0,
  "max_iter": 2000,
  "GS + Newton": {
    "final_loss": 3.0707022216455398e-12,
    "accuracy": 1.0,
    "w": [
      -18.97075110880708,
      -8.498995443770685,
      -16.81630298237927,
      18.285862147052814,
      1.3013299727863687,
      0.0,
      -8.647132402162915,
      0.0,
      0.21825750450895648,
      -3.639889006907029,
      4.386298852908833,
      -5.740342567360163,
      -41.24238231919669,
      0.24340377473578775
    ]
  },
  "GS + Adam": {
    "final_loss": 0.0020346623310691044,
    "accuracy": 1.0,
    "w": [
      -3.7406062669050737,
      -1.2498642803325102,
      -2.6315593992202104,
      3.1966356332744548,
      0.0,
      0.0,
      -0.7835453643797555,
      0.0,
      0.0,
      -0.8903544245232434,
      0.34093299247611875,
      -1.532857210547488,
      -5.638444399612765,
      0.0
    ]
  },
  "Momentum + Newton": {
    "final_loss": 3.026177994066574e-12,
    "accuracy": 1.0,
    "w": [
      -18.95217313991124,
      -9.045403825183264,
      -16.69324652865563,
      18.2822312631381,
      1.1148971386043138,
      0.0,
      -8.057687845266228,
      0.0,
      0.0,
      -4.764361583466073,
      4.018485899967381,
      -5.690643870798486,
      -41.1483624053991,
      0.0
    ]
  },
  "Momentum + Adam": {
    "final_loss": 0.0020038851626047894,
    "accuracy": 1.0,
    "w": [
      -3.7541467389653604,
      -1.2577218444262817,
      -2.635422474326818,
      3.205975509175441,
      0.0,
      0.0,
      -0.7992606261294031,
      0.0,
      0.0,
      -0.8969454473776406,
      0.34078002725280737,
      -1.5290921638907433,
      -5.659416373626026,
      0.0
    ]
  },
  "Random + Newton": {
    "final_loss": 7.464074350865943e-13,
    "accuracy": 1.0,
    "w": [
      -37.091381889778454,
      -6.344421558140853,
      -12.893479717034534,
      13.938602286050628,
      0.9640887386392184,
      7.540574689111213,
      -15.933122264943565,
      -3.5603502697752276,
      -1.925739557091649,
      -7.737975275025601,
      5.0255604363177655,
      -4.3779103898917215,
      -39.89854664879742,
      0.532059512024571
    ]
  },
  "Random + Adam": {
    "final_loss": 0.006113213352452134,
    "accuracy": 1.0,
    "w": [
      -2.4675042921940493,
      -1.3387015300829375,
      -2.5215500667785493,
      3.442758464152389,
      -0.8995254190358173,
      -0.15989860557112318,
      -0.5274741625204731,
      0.9066522973398439,
      0.8151488340672284,
      -1.6129923209970458,
      -0.1398159109103639,
      -1.3992777422127558,
      -2.6741906056229974,
      0.20322996338847849
    ]
  }
}