{
  "L_star": 0.08178845238987728,
  "lam": 0.01,
  "max_iter": 2000,
  "GS + Newton": {
    "final_loss": 0.08178841576430863,
    "accuracy": 1.0,
    "w": [
      -1.4399858596506707,
      -0.45416776339057774,
      -0.8902989663982858,
      1.138843086439215,
      -0.2271041316559114,
      -0.04828383109512979,
      -0.31500375702224415,
      0.16746542012756507,
      0.1700673023231427,
      -0.7624921033689884,
      0.1357679620515187,
      -0.5789068604874019,
      -1.678531777776076,
      0.23665499563367176
    ]
  },
  "GS + Adam": {
    "final_loss": 0.08178841578617789,
    "accuracy": 1.0,
    "w": [
      -1.4399820622911133,
      -0.4541887173390261,
      -0.8903073185244784,
      1.1388402935321384,
      -0.22710850578858716,
      -0.04827353552666359,
      -0.31500328879502754,
      0.16747724215700638,
      0.17006769470490604,
      -0.7624997445639561,
      0.1357752996921341,
      -0.5789008738484915,
      -1.678520112235104,
      0.236659520409397
    ]
  },
  "Momentum + Newton": {
    "final_loss": 0.08178841576430862,
    "accuracy": 1.0,
    "w": [
      -1.4399858596506703,
      -0.454167763390578,
      -0.8902989663982859,
      1.138843086439215,
      -0.22710413165591126,
      -0.04828383109513003,
      -0.315003757022244,
      0.16746542012756516,
      0.1700673023231427,
      -0.7624921033689888,
      0.13576796205151848,
      -0.578906860487402,
      -1.678531777776076,
      0.23665499563367165
    ]
  },
  "Momentum + Adam": {
    "final_loss": 0.08178845612889699,
    "accuracy": 1.0,
    "w": [
      -1.4399634543571744,
      -0.45416642483675396,
      -0.8903107402686316,
      1.1388525232272593,
      -0.22710371960873166,
      -0.04825641688991289,
      -0.31359435147560266,
      0.16746508435804697,
      0.17006969197771252,
      -0.7624911765957539,
      0.13579429634458687,
      -0.5788799648954474,
      -1.6785704571440294,
      0.23665171246989225
    ]
  },
  "Random + Newton": {
    "final_loss": 0.08178841576430863,
    "accuracy": 1.0,
    "w": [
      -1.4399858596506705,
      -0.4541677633905779,
      -0.890298966398286,
      1.1388430864392154,
      -0.2271041316559115,
      -0.0482838310951299,
      -0.31500375702224426,
      0.16746542012756535,
      0.17006730232314296,
      -0.7624921033689885,
      0.13576796205151848,
      -0.5789068604874021,
      -1.6785317777760755,
      0.23665499563367187
    ]
  },
  "Random + Adam": {
    "final_loss": 0.08178915870320586,
    "accuracy": 1.0,
    "w": [
      -1.4375866884878752,
      -0.4543539382321236,
      -0.8887343799201816,
      1.13693897244972,
      -0.22538558587899374,
      -0.04749042464645908,
      -0.31511675440477627,
      0.1656384559072978,
      0.1695538015383295,
      -0.7603739249508601,
      0.13624988983152506,
      -0.5788287947861501,
      -1.686786905024946,
      0.23613145473098338
    ]
  }
}