{
  "metadata": {
    "M_values": [
      7500,
      2500,
      250,
      50,
      25,
      10
    ],
    "methods": [
      "variance_centroid",
      "random"
    ],
    "n_trials": 5,
    "timestamp": "2026-01-29T22:33:22.680026"
  },
  "results": {
    "M=7500_variance_centroid": {
      "mean": 0.94962,
      "std": 0.0015023315213360522,
      "ci_95": 0.0013168516393276505,
      "all_accuracies": [
        0.9471,
        0.9497,
        0.9511,
        0.95,
        0.9502
      ],
      "mean_time_select": 679.6012490272522,
      "mean_time_predict": 0.5596165180206298,
      "per_class_accuracy": {
        "0": 0.9889795918367346,
        "1": 0.9943612334801761,
        "2": 0.9401162790697674,
        "3": 0.9328712871287129,
        "4": 0.9340122199592666,
        "5": 0.9441704035874441,
        "6": 0.9780793319415448,
        "7": 0.9492217898832684,
        "8": 0.897741273100616,
        "9": 0.9310208126858276
      },
      "prototype_distribution": {
        "0": 889,
        "1": 400,
        "2": 903,
        "3": 800,
        "4": 728,
        "5": 847,
        "6": 767,
        "7": 667,
        "8": 812,
        "9": 687
      },
      "n_trials": 5,
      "method": "variance_centroid",
      "M": 7500
    },
    "M=7500_random": {
      "mean": 0.94322,
      "std": 0.0011256109452204147,
      "ci_95": 0.0009866414951744105,
      "all_accuracies": [
        0.9436,
        0.9417,
        0.9429,
        0.9431,
        0.9448
      ],
      "mean_time_select": 0.0071259021759033205,
      "mean_time_predict": 0.807646656036377,
      "per_class_accuracy": {
        "0": 0.9873469387755103,
        "1": 0.9954185022026433,
        "2": 0.9224806201550388,
        "3": 0.9372277227722773,
        "4": 0.9256619144602851,
        "5": 0.9219730941704037,
        "6": 0.9772442588726513,
        "7": 0.9445525291828794,
        "8": 0.8885010266940452,
        "9": 0.9238850346878097
      },
      "prototype_distribution": {
        "0": 734,
        "1": 914,
        "2": 757,
        "3": 743,
        "4": 730,
        "5": 625,
        "6": 765,
        "7": 771,
        "8": 745,
        "9": 716
      },
      "n_trials": 5,
      "method": "random",
      "M": 7500
    },
    "M=2500_variance_centroid": {
      "mean": 0.9361799999999999,
      "std": 0.001888650311730568,
      "ci_95": 0.0016554749892402415,
      "all_accuracies": [
        0.9359,
        0.9338,
        0.9389,
        0.9369,
        0.9354
      ],
      "mean_time_select": 315.62852277755735,
      "mean_time_predict": 0.3632210731506348,
      "per_class_accuracy": {
        "0": 0.9859183673469388,
        "1": 0.9947136563876651,
        "2": 0.9197674418604651,
        "3": 0.9166336633663367,
        "4": 0.9156822810590631,
        "5": 0.9316143497757847,
        "6": 0.972651356993737,
        "7": 0.9367704280155642,
        "8": 0.8757700205338809,
        "9": 0.9054509415262636
      },
      "prototype_distribution": {
        "0": 296,
        "1": 133,
        "2": 301,
        "3": 267,
        "4": 243,
        "5": 282,
        "6": 256,
        "7": 222,
        "8": 271,
        "9": 229
      },
      "n_trials": 5,
      "method": "variance_centroid",
      "M": 2500
    },
    "M=2500_random": {
      "mean": 0.91964,
      "std": 0.002524480144505002,
      "ci_95": 0.002212804410696977,
      "all_accuracies": [
        0.9203,
        0.9196,
        0.9162,
        0.9189,
        0.9232
      ],
      "mean_time_select": 0.008656692504882813,
      "mean_time_predict": 0.41789898872375486,
      "per_class_accuracy": {
        "0": 0.9816326530612246,
        "1": 0.9945374449339207,
        "2": 0.8877906976744185,
        "3": 0.9138613861386139,
        "4": 0.8924643584521383,
        "5": 0.8986547085201794,
        "6": 0.9643006263048017,
        "7": 0.9217898832684825,
        "8": 0.839835728952772,
        "9": 0.8909811694747274
      },
      "prototype_distribution": {
        "0": 246,
        "1": 309,
        "2": 250,
        "3": 237,
        "4": 253,
        "5": 207,
        "6": 242,
        "7": 262,
        "8": 249,
        "9": 245
      },
      "n_trials": 5,
      "method": "random",
      "M": 2500
    },
    "M=250_variance_centroid": {
      "mean": 0.8971,
      "std": 0.003402205167240816,
      "ci_95": 0.0029821643147217897,
      "all_accuracies": [
        0.8967,
        0.9004,
        0.8981,
        0.8915,
        0.8988
      ],
      "mean_time_select": 29.149597501754762,
      "mean_time_predict": 0.14090180397033691,
      "per_class_accuracy": {
        "0": 0.9755102040816327,
        "1": 0.9904845814977975,
        "2": 0.8680232558139535,
        "3": 0.8776237623762377,
        "4": 0.8464358452138493,
        "5": 0.8885650224215247,
        "6": 0.9498956158663884,
        "7": 0.8963035019455251,
        "8": 0.8102669404517453,
        "9": 0.8564915758176413
      },
      "prototype_distribution": {
        "0": 30,
        "1": 13,
        "2": 30,
        "3": 27,
        "4": 24,
        "5": 28,
        "6": 26,
        "7": 22,
        "8": 27,
        "9": 23
      },
      "n_trials": 5,
      "method": "variance_centroid",
      "M": 250
    },
    "M=250_random": {
      "mean": 0.8027200000000001,
      "std": 0.0035716942758304664,
      "ci_95": 0.003130728068676692,
      "all_accuracies": [
        0.8043,
        0.8038,
        0.7994,
        0.8073,
        0.7988
      ],
      "mean_time_select": 0.004038476943969726,
      "mean_time_predict": 0.1524890899658203,
      "per_class_accuracy": {
        "0": 0.9342857142857144,
        "1": 0.9931277533039647,
        "2": 0.6800387596899226,
        "3": 0.8158415841584159,
        "4": 0.7325865580448065,
        "5": 0.6766816143497758,
        "6": 0.9148225469728601,
        "7": 0.8400778210116732,
        "8": 0.6915811088295689,
        "9": 0.7155599603567889
      },
      "prototype_distribution": {
        "0": 26,
        "1": 34,
        "2": 29,
        "3": 25,
        "4": 21,
        "5": 16,
        "6": 19,
        "7": 27,
        "8": 27,
        "9": 26
      },
      "n_trials": 5,
      "method": "random",
      "M": 250
    },
    "M=50_variance_centroid": {
      "mean": 0.82484,
      "std": 0.006247639554263664,
      "ci_95": 0.005476297522962015,
      "all_accuracies": [
        0.8204,
        0.8214,
        0.8223,
        0.8357,
        0.8244
      ],
      "mean_time_select": 7.839715814590454,
      "mean_time_predict": 0.18662052154541015,
      "per_class_accuracy": {
        "0": 0.936326530612245,
        "1": 0.9903083700440529,
        "2": 0.7854651162790698,
        "3": 0.7902970297029703,
        "4": 0.7327902240325865,
        "5": 0.792152466367713,
        "6": 0.8897703549060543,
        "7": 0.825875486381323,
        "8": 0.7034907597535934,
        "9": 0.7781962338949455
      },
      "prototype_distribution": {
        "0": 6,
        "1": 3,
        "2": 6,
        "3": 5,
        "4": 5,
        "5": 6,
        "6": 5,
        "7": 4,
        "8": 5,
        "9": 5
      },
      "n_trials": 5,
      "method": "variance_centroid",
      "M": 50
    },
    "M=50_random": {
      "mean": 0.6157,
      "std": 0.04511302472679036,
      "ci_95": 0.03954330966421499,
      "all_accuracies": [
        0.5583,
        0.6817,
        0.5956,
        0.6183,
        0.6246
      ],
      "mean_time_select": 0.003260087966918945,
      "mean_time_predict": 0.11694145202636719,
      "per_class_accuracy": {
        "0": 0.8212244897959184,
        "1": 0.9073127753303964,
        "2": 0.48643410852713176,
        "3": 0.7003960396039604,
        "4": 0.5038696537678208,
        "5": 0.4704035874439462,
        "6": 0.7323590814196242,
        "7": 0.5797665369649805,
        "8": 0.42997946611909654,
        "9": 0.47789890981169475
      },
      "prototype_distribution": {
        "0": 10,
        "1": 4,
        "2": 6,